"PandaController_2019_08_11__07_58_24__024733gzfwxrhysh","PandaController_2019_08_11__10_19_04__127417bjsoeijqno","PandaController_2019_08_11__13_52_10__020172aunazfahtv","PandaController_2019_08_11__15_00_58__017286qhcugfzows","PandaController_2019_08_11__12_31_14__388038vpxtxvdzcw","Mean_over_grasps","Std_over_grasps"
"0.0","0.0","1.0","1.0","0.0","0.4","0.48989794855663565"
"1.0","0.0","0.0","1.0","0.0","0.4","0.48989794855663565"
"0.0","0.0","0.0","1.0","0.0","0.2","0.4"
"0.0","0.0","0.0","1.0","0.0","0.2","0.4"
"0.0","0.0","0.0","0.0","1.0","0.2","0.4"
"0.0","0.0","0.0","1.0","0.0","0.2","0.4"
"0.0","1.0","0.0","0.0","1.0","0.4","0.48989794855663565"
"1.0","2.0","0.0","0.0","0.0","0.6","0.7999999999999999"
"0.0","0.0","0.0","0.0","2.0","0.4","0.8"
"0.0","0.0","0.0","0.0","0.0","0.0","0.0"
"0.0","0.0","0.0","1.0","1.0","0.4","0.48989794855663565"
"0.0","2.0","0.0","1.0","0.0","0.6","0.7999999999999999"
"0.0","1.0","0.0","0.0","1.0","0.4","0.48989794855663565"
"0.0","0.0","0.0","0.0","1.0","0.2","0.4"
"0.0","3.0","0.0","0.0","1.0","0.8","1.1661903789690602"
"1.0","0.0","0.0","0.0","0.0","0.2","0.4000000000000001"
"3.0","0.0","1.0","0.0","2.0","1.2","1.1661903789690602"
"1.0","0.0","1.0","1.0","0.0","0.6","0.48989794855663565"
"1.0","1.0","0.0","2.0","0.0","0.8","0.7483314773547883"
"0.0","0.0","0.0","0.0","0.0","0.0","0.0"
"0.0","1.0","0.0","0.0","0.0","0.2","0.4000000000000001"
"0.0","0.0","0.0","0.0","0.0","0.0","0.0"
"0.0","0.0","0.0","0.0","0.0","0.0","0.0"
"0.0","0.0","0.0","0.0","0.0","0.0","0.0"
"0.0","0.0","0.0","1.0","0.0","0.2","0.4"
"0.0","0.0","0.0","1.0","0.0","0.2","0.4"
"0.0","0.0","0.0","3.0","0.0","0.6","1.2"
"0.0","0.0","0.0","0.0","0.0","0.0","0.0"
"0.0","1.0","0.0","0.0","0.0","0.2","0.4000000000000001"
"0.0","0.0","0.0","0.0","0.0","0.0","0.0"
"0.0","0.0","0.0","0.0","0.0","0.0","0.0"
"0.0","0.0","0.0","0.0","0.0","0.0","0.0"
"0.0","0.0","0.0","0.0","0.0","0.0","0.0"
"0.0","0.0","0.0","0.0","0.0","0.0","0.0"
"0.0","0.0","0.0","0.0","0.0","0.0","0.0"
"0.0","0.0","0.0","0.0","0.0","0.0","0.0"
"0.0","0.0","0.0","1.0","0.0","0.2","0.4"
"0.0","0.0","0.0","0.0","0.0","0.0","0.0"
"1.0","0.0","0.0","0.0","0.0","0.2","0.4000000000000001"
"0.0","0.0","0.0","0.0","0.0","0.0","0.0"
"0.0","0.0","0.0","0.0","0.0","0.0","0.0"
"0.0","0.0","0.0","0.0","0.0","0.0","0.0"
"0.0","0.0","0.0","2.0","0.0","0.4","0.8"
"0.0","0.0","0.0","1.0","0.0","0.2","0.4"
"0.0","0.0","0.0","1.0","0.0","0.2","0.4"
"0.0","1.0","0.0","0.0","0.0","0.2","0.4000000000000001"
"0.0","0.0","0.0","2.0","0.0","0.4","0.8"
"0.0","0.0","0.0","1.0","0.0","0.2","0.4"
"1.0","0.0","0.0","1.0","0.0","0.4","0.48989794855663565"
"0.0","0.0","0.0","2.0","0.0","0.4","0.8"
"0.0","0.0","0.0","1.0","0.0","0.2","0.4"
"1.0","0.0","0.0","0.0","1.0","0.4","0.48989794855663565"
"0.0","0.0","0.0","0.0","0.0","0.0","0.0"
"0.0","0.0","0.0","1.0","1.0","0.4","0.48989794855663565"
"0.0","0.0","0.0","1.0","0.0","0.2","0.4"
"0.0","0.0","0.0","1.0","0.0","0.2","0.4"
"0.0","0.0","0.0","0.0","0.0","0.0","0.0"
"0.0","0.0","0.0","0.0","0.0","0.0","0.0"
"0.0","0.0","0.0","0.0","0.0","0.0","0.0"
"0.0","0.0","0.0","0.0","0.0","0.0","0.0"
"0.0","0.0","0.0","0.0","0.0","0.0","0.0"
"0.0","0.0","0.0","0.0","0.0","0.0","0.0"
"0.0","0.0","0.0","0.0","0.0","0.0","0.0"
"0.0","0.0","1.0","0.0","0.0","0.2","0.4000000000000001"
"0.0","0.0","0.0","0.0","0.0","0.0","0.0"
"0.0","0.0","1.0","0.0","0.0","0.2","0.4000000000000001"
"0.0","0.0","1.0","0.0","0.0","0.2","0.4000000000000001"
"0.0","0.0","0.0","0.0","0.0","0.0","0.0"
"0.0","0.0","0.0","0.0","0.0","0.0","0.0"
"0.0","0.0","0.0","0.0","0.0","0.0","0.0"
"0.0","0.0","0.0","0.0","0.0","0.0","0.0"
"0.0","0.0","2.0","0.0","0.0","0.4","0.8000000000000002"
"0.0","0.0","0.0","0.0","0.0","0.0","0.0"
"1.0","0.0","1.0","0.0","0.0","0.4","0.48989794855663565"
"0.0","0.0","0.0","0.0","0.0","0.0","0.0"
"1.0","0.0","0.0","0.0","1.0","0.4","0.48989794855663565"
"0.0","0.0","0.0","0.0","0.0","0.0","0.0"
"0.0","0.0","0.0","0.0","0.0","0.0","0.0"
"0.0","0.0","0.0","0.0","0.0","0.0","0.0"
"0.0","0.0","0.0","0.0","0.0","0.0","0.0"
"0.0","0.0","0.0","0.0","0.0","0.0","0.0"
"0.0","0.0","0.0","0.0","0.0","0.0","0.0"
"0.0","0.0","0.0","0.0","0.0","0.0","0.0"
"0.0","0.0","0.0","0.0","0.0","0.0","0.0"
"0.0","0.0","0.0","0.0","0.0","0.0","0.0"
"0.0","0.0","0.0","1.0","0.0","0.2","0.4"
"0.0","0.0","0.0","0.0","0.0","0.0","0.0"
"0.0","0.0","0.0","0.0","0.0","0.0","0.0"
"0.0","0.0","0.0","0.0","0.0","0.0","0.0"
"0.0","0.0","0.0","0.0","0.0","0.0","0.0"
"0.0","0.0","0.0","0.0","0.0","0.0","0.0"
"0.0","0.0","0.0","0.0","0.0","0.0","0.0"
"0.0","0.0","0.0","0.0","0.0","0.0","0.0"
"0.0","0.0","0.0","0.0","0.0","0.0","0.0"
"0.0","0.0","0.0","0.0","0.0","0.0","0.0"
"0.0","0.0","0.0","0.0","0.0","0.0","0.0"
"0.0","0.0","1.0","0.0","0.0","0.2","0.4000000000000001"
"0.0","0.0","0.0","0.0","0.0","0.0","0.0"
"0.0","0.0","0.0","0.0","0.0","0.0","0.0"
"0.0","0.0","0.0","0.0","0.0","0.0","0.0"
"0.0","0.0","0.0","0.0","0.0","0.0","0.0"
"0.0","0.0","0.0","0.0","0.0","0.0","0.0"
"0.0","0.0","0.0","0.0","0.0","0.0","0.0"
"0.0","1.0","0.0","0.0","0.0","0.2","0.4000000000000001"
"0.0","0.0","0.0","0.0","0.0","0.0","0.0"
"0.0","0.0","0.0","0.0","0.0","0.0","0.0"
"0.0","1.0","0.0","0.0","0.0","0.2","0.4000000000000001"
"0.0","0.0","0.0","0.0","0.0","0.0","0.0"
"0.0","0.0","0.0","0.0","0.0","0.0","0.0"
"0.0","0.0","0.0","0.0","0.0","0.0","0.0"
"0.0","0.0","0.0","0.0","0.0","0.0","0.0"
"0.0","0.0","0.0","0.0","0.0","0.0","0.0"
"0.0","0.0","0.0","0.0","0.0","0.0","0.0"
"0.0","0.0","0.0","0.0","0.0","0.0","0.0"
"0.0","0.0","0.0","0.0","0.0","0.0","0.0"
"0.0","0.0","0.0","0.0","0.0","0.0","0.0"
"0.0","0.0","0.0","0.0","0.0","0.0","0.0"
"0.0","0.0","0.0","0.0","0.0","0.0","0.0"
"0.0","0.0","0.0","0.0","0.0","0.0","0.0"
"0.0","0.0","0.0","0.0","0.0","0.0","0.0"
"0.0","0.0","0.0","0.0","0.0","0.0","0.0"
"0.0","0.0","0.0","0.0","0.0","0.0","0.0"
"0.0","0.0","0.0","0.0","0.0","0.0","0.0"
"0.0","0.0","0.0","0.0","0.0","0.0","0.0"
"0.0","0.0","0.0","0.0","0.0","0.0","0.0"
"0.0","0.0","0.0","0.0","0.0","0.0","0.0"
"0.0","0.0","0.0","0.0","0.0","0.0","0.0"
"0.0","2.0","0.0","0.0","1.0","0.6","0.7999999999999999"
"0.0","1.0","0.0","0.0","0.0","0.2","0.4000000000000001"
"0.0","0.0","0.0","0.0","0.0","0.0","0.0"
"0.0","0.0","0.0","0.0","0.0","0.0","0.0"
"0.0","0.0","0.0","0.0","0.0","0.0","0.0"
"0.0","0.0","0.0","0.0","0.0","0.0","0.0"
"0.0","0.0","0.0","0.0","0.0","0.0","0.0"
"0.0","0.0","0.0","0.0","0.0","0.0","0.0"
"0.0","0.0","0.0","0.0","0.0","0.0","0.0"
"0.0","0.0","0.0","0.0","0.0","0.0","0.0"
"0.0","0.0","0.0","0.0","0.0","0.0","0.0"
"0.0","0.0","0.0","0.0","1.0","0.2","0.4"
"0.0","0.0","0.0","0.0","0.0","0.0","0.0"
"0.0","0.0","0.0","0.0","1.0","0.2","0.4"
"0.0","0.0","0.0","0.0","7.0","1.4","2.8"
"0.0","0.0","0.0","0.0","4.0","0.8","1.6"
"0.0","0.0","0.0","0.0","9.0","1.8","3.6000000000000005"
"1.0","0.0","0.0","0.0","3.0","0.8","1.1661903789690602"
"0.0","0.0","0.0","0.0","9.0","1.8","3.6000000000000005"
"0.0","0.0","0.0","0.0","10.0","2.0","4.0"
"0.0","0.0","0.0","0.0","5.0","1.0","2.0"
"0.0","0.0","0.0","0.0","14.0","2.8","5.6"
"0.0","0.0","0.0","0.0","16.0","3.2","6.4"
"0.0","0.0","0.0","0.0","19.0","3.8","7.6000000000000005"
"0.0","0.0","0.0","0.0","21.0","4.2","8.4"
"0.0","0.0","0.0","0.0","17.0","3.4","6.8"
"1.0","0.0","0.0","0.0","9.0","2.0","3.521363372331802"
"0.0","0.0","0.0","0.0","10.0","2.0","4.0"
"0.0","0.0","0.0","0.0","14.0","2.8","5.6"
"0.0","0.0","0.0","0.0","24.0","4.8","9.6"
"1.0","0.0","0.0","0.0","18.0","3.8","7.11055553385247"
"1.0","0.0","0.0","0.0","19.0","4.0","7.5099933422074345"
"0.0","0.0","0.0","0.0","28.0","5.6","11.2"
"0.0","0.0","0.0","0.0","19.0","3.8","7.6000000000000005"
"1.0","0.0","0.0","0.0","17.0","3.6","6.7111846942250075"
"0.0","0.0","0.0","0.0","18.0","3.6","7.200000000000001"
"0.0","0.0","0.0","4.0","30.0","6.8","11.702991070662234"
"0.0","0.0","1.0","1.0","20.0","4.4","7.812809993849844"
"0.0","0.0","0.0","5.0","29.0","6.8","11.267652816802618"
"0.0","0.0","0.0","5.0","27.0","6.4","10.480458005259122"
"0.0","0.0","0.0","4.0","22.0","5.2","8.541662601625049"
"0.0","0.0","0.0","5.0","33.0","7.6","12.84678948220138"
"0.0","0.0","0.0","4.0","33.0","7.4","12.89340916902896"
"2.0","0.0","0.0","6.0","23.0","6.2","8.681013765684282"
"1.0","0.0","0.0","6.0","17.0","4.8","6.49307323229917"
"1.0","0.0","0.0","5.0","26.0","6.4","9.97196068985433"
"4.0","0.0","0.0","9.0","27.0","8.0","10.059821071967434"
"3.0","0.0","0.0","9.0","22.0","6.8","8.28009661779378"
"4.0","0.0","0.0","9.0","30.0","8.6","11.2"
"0.0","0.0","0.0","10.0","33.0","8.6","12.799999999999999"
"0.0","0.0","0.0","19.0","33.0","10.4","13.484806264830059"
"1.0","2.0","0.0","15.0","42.0","12.0","15.962455951387932"
"0.0","0.0","0.0","29.0","34.0","12.6","15.512575543732252"
"0.0","0.0","0.0","28.0","27.0","11.0","13.475904422338413"
"1.0","0.0","0.0","34.0","35.0","14.0","16.745148551147583"
"7.0","0.0","1.0","28.0","36.0","14.4","14.786480311419618"
"6.0","0.0","0.0","27.0","47.0","16.0","18.40652058374966"
"3.0","1.0","0.0","32.0","40.0","15.2","17.19767426136453"
"3.0","1.0","0.0","27.0","38.0","13.8","15.68948692596415"
"10.0","2.0","0.0","29.0","44.0","17.0","16.946976131451887"
"11.0","0.0","0.0","35.0","43.0","17.8","17.948816116947658"
"10.0","1.0","0.0","39.0","51.0","20.2","20.894018282752604"
"18.0","0.0","0.0","40.0","51.0","21.8","20.730653631759903"
"17.0","0.0","0.0","42.0","48.0","21.4","20.333224043422135"
"14.0","1.0","0.0","47.0","58.0","24.0","24.041630560342615"
"9.0","0.0","0.0","41.0","32.0","16.4","16.977632343763368"
"16.0","0.0","0.0","48.0","30.0","18.8","18.400000000000002"
"24.0","0.0","0.0","47.0","39.0","22.0","19.421637418096342"
"22.0","0.0","0.0","48.0","40.0","22.0","19.83935482821959"
"28.0","0.0","0.0","42.0","47.0","23.4","20.095770699328753"
"33.0","0.0","0.0","42.0","57.0","26.4","22.878811157925142"
"37.0","0.0","0.0","48.0","51.0","27.2","22.69273011340857"
"43.0","0.0","0.0","43.0","81.0","33.4","30.59803915286076"
"47.0","0.0","0.0","53.0","59.0","31.8","26.24042682579687"
"43.0","0.0","0.0","45.0","43.0","26.2","21.40467238712146"
"40.0","0.0","1.0","41.0","56.0","27.6","22.843817544359784"
"43.0","0.0","0.0","50.0","66.0","31.8","27.014070407844873"
"32.0","0.0","0.0","54.0","56.0","28.4","24.67063031217484"
"41.0","0.0","0.0","57.0","57.0","31.0","25.97691282658507"
"39.0","0.0","0.0","58.0","61.0","31.6","26.881964213948354"
"44.0","0.0","0.0","53.0","67.0","32.8","27.76616646208115"
"46.0","0.0","0.0","44.0","67.0","31.4","26.87452325158532"
"44.0","0.0","0.0","52.0","63.0","31.8","26.656331330473815"
"43.0","0.0","0.0","51.0","51.0","29.0","23.85791273351464"
"41.0","0.0","1.0","48.0","54.0","28.8","23.47253714450144"
"35.0","0.0","0.0","46.0","57.0","27.6","23.58474082961269"
"41.0","0.0","0.0","50.0","67.0","31.6","27.118997031601296"
"35.0","0.0","0.0","46.0","65.0","29.2","25.701361831622854"
"36.0","0.0","0.0","42.0","63.0","28.2","24.709512338368803"
"41.0","0.0","0.0","44.0","64.0","29.8","25.584370228715812"
"43.0","0.0","1.0","54.0","70.0","33.6","28.359125515431536"
"43.0","0.0","0.0","45.0","56.0","28.8","23.928226010300055"
"37.0","0.0","0.0","48.0","62.0","29.4","25.279240494919936"
"40.0","0.0","0.0","55.0","54.0","29.8","24.90301186603741"
"43.0","0.0","0.0","44.0","63.0","30.0","25.51078203426935"
"45.0","0.0","0.0","48.0","66.0","31.8","26.93993318477238"
"48.0","0.0","0.0","39.0","59.0","29.2","24.66900889780536"
"45.0","0.0","0.0","54.0","54.0","30.6","25.2"
"43.0","0.0","0.0","46.0","56.0","29.0","24.066574330386118"
"39.0","0.0","0.0","50.0","56.0","29.0","24.298148077579903"
"44.0","0.0","0.0","53.0","65.0","32.4","27.28076245268816"
"40.0","0.0","0.0","52.0","64.0","31.2","26.581196361337835"
"39.0","0.0","0.0","54.0","61.0","30.8","26.13350340080717"
"40.0","0.0","0.0","54.0","53.0","29.4","24.507957891264624"
"41.0","0.0","0.0","58.0","66.0","33.0","28.128277586798664"
"39.0","0.0","0.0","57.0","68.0","32.8","28.3365488371467"
"38.0","0.0","0.0","55.0","61.0","30.8","26.255666055158457"
"40.0","0.0","0.0","49.0","70.0","31.8","27.730128019899226"
"44.0","0.0","0.0","57.0","71.0","34.4","29.357111574540166"
"49.0","0.0","0.0","52.0","44.0","29.0","23.815961034566715"
"49.0","0.0","0.0","54.0","71.0","34.8","29.335302964176115"
"40.0","0.0","0.0","61.0","69.0","34.0","29.33257574779276"
"45.0","0.0","0.0","61.0","68.0","34.8","29.376180827330156"
"49.0","0.0","0.0","60.0","57.0","33.2","27.345200675804154"
"41.0","0.0","0.0","61.0","63.0","33.0","28.021420377989408"
"46.0","0.0","0.0","60.0","51.0","31.4","26.027677575995902"
"42.0","0.0","0.0","54.0","54.0","30.0","24.883729623993265"
"42.0","0.0","0.0","60.0","62.0","32.8","27.672368890284762"
"42.0","0.0","0.0","64.0","64.0","34.0","28.89982698910151"
"36.0","2.0","0.0","69.0","61.0","33.6","28.76525682138089"
"42.0","0.0","0.0","68.0","56.0","33.2","28.329489935401238"
"49.0","0.0","0.0","64.0","63.0","35.2","29.22601580783806"
"40.0","2.0","0.0","69.0","64.0","35.0","29.448259710889538"
"46.0","0.0","0.0","64.0","70.0","36.0","30.43681980759488"
"43.0","1.0","0.0","60.0","64.0","33.6","27.9327764463184"
"43.0","0.0","0.0","64.0","47.0","30.8","26.118192893077424"
"45.0","0.0","0.0","65.0","57.0","33.4","28.00428538634757"
"34.0","0.0","0.0","71.0","60.0","33.0","29.50254226333724"
"46.0","0.0","0.0","59.0","46.0","30.2","25.110953785151214"
"48.0","0.0","0.0","69.0","64.0","36.2","30.360500654633483"
"48.0","0.0","0.0","72.0","64.0","36.8","31.025151087464508"
"32.0","0.0","0.0","62.0","76.0","34.0","31.189741903388683"
"43.0","0.0","0.0","70.0","57.0","34.0","29.04479299289289"
"40.0","3.0","0.0","70.0","67.0","36.0","30.059940119700837"
"39.0","1.0","0.0","70.0","59.0","33.8","28.95099307450437"
"35.0","0.0","0.0","68.0","68.0","34.2","30.413155048432575"
"39.0","0.0","0.0","73.0","67.0","35.8","31.403184551889"
"34.0","1.0","0.0","70.0","65.0","34.0","30.006665926090488"
"42.0","2.0","0.0","68.0","58.0","34.0","28.199290771223307"
"42.0","0.0","0.0","67.0","57.0","33.2","28.25172561101357"
"35.0","1.0","0.0","64.0","64.0","32.8","28.421118908304788"
"28.0","2.0","0.0","69.0","59.0","31.6","28.415488734139345"
"38.0","1.0","0.0","74.0","61.0","34.8","30.287951399855356"
"40.0","2.0","0.0","68.0","70.0","36.0","30.489342400255207"
"26.0","0.0","0.0","70.0","68.0","32.8","31.05092591212056"
"27.0","3.0","0.0","71.0","70.0","34.2","31.083114387075177"
"35.0","0.0","0.0","74.0","62.0","34.2","30.648980407184837"
"37.0","0.0","0.0","71.0","68.0","35.2","31.108841187032343"
"30.0","0.0","0.0","75.0","72.0","35.4","32.99454500368205"
"41.0","1.0","0.0","74.0","59.0","35.0","30.046630426721727"
"43.0","1.0","0.0","72.0","68.0","36.8","31.262757395981563"
"29.0","0.0","0.0","67.0","69.0","33.0","30.48278202526797"
"43.0","0.0","0.0","71.0","76.0","38.0","33.00303016391071"
"44.0","2.0","0.0","66.0","78.0","38.0","32.12475680841802"
"34.0","0.0","0.0","73.0","72.0","35.8","32.43701589234127"
"30.0","0.0","0.0","72.0","64.0","33.2","30.557486807654843"
"34.0","1.0","0.0","69.0","75.0","35.8","32.046216625367805"
"40.0","0.0","0.0","77.0","64.0","36.2","31.85215848258953"
"35.0","0.0","0.0","73.0","80.0","37.6","34.30801655590134"
"44.0","0.0","0.0","73.0","79.0","39.2","34.125650176956334"
"36.0","0.0","0.0","79.0","77.0","38.4","34.909024621149186"
"43.0","0.0","0.0","76.0","78.0","39.4","34.4882588716798"
"33.0","0.0","0.0","78.0","79.0","38.0","35.1965907439911"
"47.0","0.0","0.0","72.0","82.0","40.2","34.7470862087744"
"40.0","0.0","0.0","77.0","61.0","35.6","31.347089179060948"
"45.0","1.0","0.0","85.0","71.0","40.4","35.01770980518287"
"37.0","1.0","0.0","81.0","70.0","37.8","33.724768346128045"
"35.0","0.0","0.0","74.0","72.0","36.2","32.65823020312031"
"36.0","0.0","0.0","79.0","69.0","36.8","33.246954747766"
"34.0","0.0","0.0","75.0","80.0","37.8","34.7470862087744"
"36.0","0.0","0.0","73.0","74.0","36.6","32.87308929808697"
"25.0","0.0","0.0","79.0","68.0","34.4","33.386224704209965"
"38.0","0.0","0.0","75.0","78.0","38.2","34.225136961011565"
"39.0","3.0","0.0","78.0","85.0","41.0","35.87199464763564"
"45.0","1.0","0.0","82.0","73.0","40.2","34.63755187654"
"39.0","0.0","0.0","77.0","82.0","39.6","35.58988620380796"
"45.0","2.0","0.0","77.0","67.0","38.2","32.09610568277716"
"38.0","2.0","0.0","77.0","68.0","37.0","32.112302938282085"
"47.0","0.0","0.0","79.0","73.0","39.8","34.23098012035296"
"48.0","1.0","0.0","82.0","59.0","38.0","32.526911934581186"
"44.0","0.0","0.0","80.0","67.0","38.2","33.25296979218548"
"45.0","1.0","0.0","82.0","69.0","39.4","33.909290762267496"
"46.0","0.0","0.0","78.0","76.0","40.0","34.57166469813104"
"37.0","0.0","0.0","80.0","69.0","37.2","33.49865668948532"
"48.0","0.0","0.0","85.0","84.0","43.4","37.86079766724415"
"45.0","0.0","0.0","82.0","77.0","40.8","35.650525942824466"
"50.0","0.0","0.0","81.0","67.0","39.6","33.791123094682725"
"38.0","0.0","0.0","80.0","60.0","35.6","31.959974968701086"
"47.0","0.0","0.0","81.0","65.0","38.6","33.302252176091635"
"38.0","0.0","0.0","84.0","61.0","36.6","33.23612492454558"
"46.0","0.0","0.0","83.0","76.0","41.0","35.70994259306503"
"47.0","0.0","0.0","82.0","70.0","39.8","34.38837012712292"
"47.0","0.0","0.0","80.0","76.0","40.6","35.05196142871323"
"40.0","0.0","0.0","79.0","53.0","34.4","30.76751533679637"
"40.0","0.0","0.0","78.0","79.0","39.4","35.1089732119867"
"44.0","0.0","0.0","78.0","63.0","37.0","32.074912314767126"
"52.0","0.0","0.0","80.0","58.0","38.0","32.397530770106535"
"52.0","0.0","0.0","84.0","70.0","41.2","35.136306009596396"
"47.0","0.0","0.0","79.0","56.0","36.4","31.499841269441344"
"40.0","0.0","0.0","82.0","49.0","34.2","31.230754073509015"
"40.0","0.0","0.0","81.0","73.0","38.8","34.533462033222214"
"42.0","1.0","0.0","82.0","50.0","35.0","31.189741903388683"
"48.0","1.0","0.0","84.0","66.0","39.8","34.04937591204867"
"46.0","0.0","0.0","87.0","61.0","38.8","34.28935694935092"
"50.0","0.0","0.0","84.0","56.0","38.0","33.081717005016536"
"48.0","0.0","0.0","88.0","63.0","39.8","34.91933561796387"
"49.0","0.0","2.0","80.0","65.0","39.2","32.70107031887488"
"42.0","0.0","0.0","87.0","57.0","37.2","33.65352878971238"
"44.0","0.0","1.0","83.0","76.0","40.8","35.436704135683954"
"39.0","0.0","2.0","81.0","59.0","36.2","31.669543728951954"
"46.0","0.0","2.0","85.0","62.0","39.0","33.41855771872868"
"43.0","0.0","0.0","84.0","67.0","38.8","34.25434279036747"
"41.0","0.0","0.0","83.0","74.0","39.6","35.22839763599815"
"48.0","0.0","0.0","85.0","78.0","42.2","36.63004231501787"
"39.0","0.0","0.0","86.0","70.0","39.0","35.247694960096325"
"41.0","0.0","2.0","85.0","73.0","40.2","35.09643856575764"
"50.0","0.0","1.0","82.0","59.0","38.4","32.659454986266994"
"38.0","0.0","1.0","81.0","61.0","36.2","32.170794208412076"
"42.0","0.0","0.0","78.0","72.0","38.4","33.64282984530285"
"51.0","0.0","0.0","78.0","59.0","37.6","31.92867050160404"
"43.0","0.0","0.0","87.0","52.0","36.4","33.15780451115544"
"51.0","0.0","0.0","86.0","65.0","40.4","34.81723711037394"
"41.0","0.0","0.0","84.0","59.0","36.8","33.00545409474016"
"45.0","0.0","0.0","82.0","64.0","38.2","33.31306050185122"
"44.0","0.0","0.0","83.0","64.0","38.2","33.54042337240244"
"41.0","0.0","0.0","86.0","63.0","38.0","34.13502599969714"
"46.0","0.0","0.0","81.0","48.0","35.0","31.16408188925193"
"46.0","1.0","0.0","77.0","60.0","36.8","31.224349472807273"
"45.0","0.0","0.0","85.0","66.0","39.2","34.417437440925205"
"45.0","0.0","0.0","79.0","61.0","37.0","32.06867630570367"
"49.0","0.0","0.0","82.0","55.0","37.2","32.344396732664535"
"45.0","0.0","0.0","87.0","69.0","40.2","35.425414605901224"
"45.0","0.0","0.0","85.0","72.0","40.4","35.420897786476274"
"43.0","0.0","1.0","83.0","64.0","38.2","33.28302870833722"
"54.0","0.0","0.0","78.0","70.0","40.4","33.879787484575516"
"44.0","0.0","0.0","78.0","60.0","36.4","31.607594024221456"
"44.0","0.0","0.0","75.0","57.0","35.2","30.38025674677553"
"51.0","0.0","0.0","69.0","63.0","36.6","30.440762145517976"
"50.0","0.0","0.0","83.0","63.0","39.2","33.68916739843833"
"46.0","0.0","0.0","79.0","68.0","38.6","33.260186409579845"
"53.0","0.0","0.0","79.0","66.0","39.6","33.36225412048772"
"52.0","0.0","0.0","74.0","76.0","40.4","34.04467652952514"
"39.0","0.0","1.0","77.0","72.0","37.8","33.138497250177174"
"55.0","0.0","2.0","66.0","71.0","38.8","31.301118190888964"
"46.0","0.0","0.0","66.0","60.0","34.4","28.8277643947636"
"49.0","0.0","0.0","73.0","49.0","34.2","29.267046314925597"
"41.0","0.0","0.0","76.0","76.0","38.6","34.00941046239996"
"50.0","0.0","0.0","81.0","71.0","40.4","34.47085725652903"
"47.0","0.0","0.0","83.0","69.0","39.8","34.46389415025528"
"53.0","0.0","0.0","84.0","76.0","42.6","36.24141277599426"
"44.0","0.0","0.0","83.0","83.0","42.0","37.13219627223793"
"55.0","0.0","0.0","84.0","78.0","43.4","36.73472471654034"
"50.0","0.0","0.0","76.0","68.0","38.8","32.7804819976766"
"44.0","0.0","0.0","80.0","69.0","38.6","33.607142098071954"
"54.0","0.0","0.0","79.0","72.0","41.0","34.45576874777285"
"33.0","0.0","0.0","81.0","64.0","35.6","32.89133624527894"
"30.0","0.0","0.0","79.0","65.0","34.8","32.59079624679336"
"43.0","0.0","0.0","70.0","67.0","36.0","30.848014522818158"
"26.0","0.0","0.0","79.0","67.0","34.4","33.13366867704209"
"32.0","0.0","0.0","77.0","61.0","34.0","31.285779517218362"
"39.0","0.0","0.0","84.0","65.0","37.6","33.86207317929604"
"36.0","0.0","0.0","80.0","76.0","38.4","34.92620792470892"
"42.0","0.0","0.0","84.0","73.0","39.8","35.295325469529246"
"46.0","0.0","0.0","85.0","55.0","37.2","33.00545409474016"
"50.0","0.0","0.0","88.0","59.0","39.4","34.534620310639"
"38.0","1.0","0.0","87.0","85.0","42.2","38.300913827218274"
"36.0","0.0","0.0","84.0","66.0","37.2","34.02587250901878"
"38.0","0.0","0.0","82.0","70.0","38.0","34.199415199678484"
"40.0","0.0","0.0","84.0","66.0","38.0","34.035275817892234"
"59.0","0.0","0.0","86.0","77.0","44.4","37.28055793573911"
"51.0","0.0","0.0","81.0","78.0","42.0","35.849686191095174"
"42.0","0.0","0.0","84.0","77.0","40.6","36.07547643483035"
"53.0","0.0","0.0","83.0","69.0","41.0","34.79655155327895"
"37.0","0.0","0.0","88.0","72.0","39.4","36.15300817359463"
"61.0","0.0","1.0","89.0","58.0","41.8","35.41412147717349"
"52.0","0.0","0.0","87.0","80.0","43.8","37.63190136041494"
"55.0","0.0","1.0","87.0","77.0","44.0","36.99729719857925"
"47.0","0.0","1.0","87.0","77.0","42.4","36.65842331579469"
"48.0","0.0","0.0","92.0","69.0","41.8","36.858648917180886"
"46.0","0.0","0.0","89.0","72.0","41.4","36.47245536017558"
"43.0","0.0","0.0","85.0","65.0","38.6","34.20292385162415"
"49.0","0.0","0.0","86.0","69.0","40.8","35.31232079600546"
"60.0","0.0","0.0","80.0","79.0","43.8","36.4658744581835"
"57.0","0.0","0.0","84.0","70.0","42.2","35.498732371734064"
"60.0","0.0","0.0","78.0","83.0","44.2","36.891191360540255"
"64.0","0.0","0.0","84.0","90.0","47.6","39.807536974799135"
"62.0","0.0","0.0","86.0","74.0","44.4","37.03835849494413"
"55.0","0.0","0.0","90.0","71.0","43.2","36.972422154898105"
"55.0","0.0","0.0","86.0","70.0","42.2","35.82401429209184"
"58.0","0.0","0.0","87.0","80.0","45.0","37.96840792026971"
"58.0","0.0","1.0","88.0","74.0","44.2","36.923705122861115"
"62.0","0.0","3.0","82.0","79.0","45.2","36.339510178316935"
"54.0","0.0","1.0","88.0","86.0","45.8","38.9070687664851"
"56.0","0.0","0.0","87.0","72.0","43.0","36.45270908999769"
"58.0","0.0","0.0","84.0","67.0","41.8","35.136306009596396"
"60.0","0.0","1.0","91.0","68.0","44.0","36.94861296449435"
"63.0","0.0","1.0","88.0","75.0","45.4","37.50519963951665"
"68.0","0.0","4.0","85.0","67.0","44.8","35.54940224532615"
"60.0","0.0","3.0","85.0","67.0","43.0","34.86545568324039"
"59.0","0.0","1.0","88.0","78.0","45.2","37.66908546805988"
"54.0","0.0","1.0","87.0","77.0","43.8","36.93995127230137"
"57.0","0.0","0.0","91.0","71.0","43.8","37.35987152012169"
"66.0","0.0","1.0","93.0","85.0","49.0","40.56106507477337"
"63.0","0.0","0.0","83.0","77.0","44.6","36.98972830394946"
"71.0","0.0","0.0","87.0","79.0","47.4","39.03126951560761"
"43.0","0.0","1.0","89.0","79.0","42.4","37.47852718557654"
"60.0","0.0","1.0","80.0","69.0","42.0","34.47317797940886"
"60.0","0.0","1.0","85.0","65.0","42.2","35.0622303911203"
"62.0","0.0","0.0","89.0","66.0","43.4","36.61475112574166"
"69.0","0.0","0.0","86.0","70.0","45.0","37.23439270352076"
"45.0","0.0","0.0","89.0","76.0","42.0","37.15373467095872"
"57.0","0.0","0.0","90.0","69.0","43.2","36.82064638215901"
"68.0","0.0","1.0","85.0","74.0","45.6","37.22687201471539"
"70.0","0.0","0.0","80.0","74.0","44.8","36.71729837556135"
"73.0","0.0","0.0","91.0","91.0","51.0","42.15684997719825"
"71.0","0.0","0.0","94.0","84.0","49.8","41.31053134492463"
"67.0","0.0","0.0","90.0","71.0","45.6","38.03472097965226"
"71.0","0.0","0.0","89.0","73.0","46.6","38.55697083537554"
"70.0","0.0","0.0","92.0","77.0","47.8","39.6706440582958"
"66.0","0.0","0.0","84.0","80.0","46.0","38.03156583681508"
"79.0","0.0","1.0","87.0","76.0","48.6","39.43906692608232"
"78.0","0.0","0.0","86.0","63.0","45.4","37.79735440477283"
"75.0","0.0","0.0","93.0","68.0","47.2","39.39238505092069"
"77.0","0.0","2.0","89.0","85.0","50.6","40.68709869233736"
"77.0","0.0","0.0","93.0","62.0","46.4","39.13361726188879"
"74.0","0.0","0.0","86.0","78.0","47.6","39.056881595949264"
"74.0","0.0","1.0","88.0","85.0","49.6","40.361367667610075"
"71.0","0.0","0.0","89.0","80.0","48.0","39.603030187095534"
"71.0","0.0","0.0","88.0","81.0","48.0","39.56260860964555"
"75.0","0.0","0.0","87.0","71.0","46.6","38.41145662429375"
"74.0","0.0","1.0","89.0","81.0","49.0","39.88483421051164"
"76.0","0.0","0.0","91.0","72.0","47.8","39.53934749082236"
"82.0","0.0","0.0","88.0","78.0","49.6","40.623146111545815"
"81.0","0.0","0.0","88.0","80.0","49.8","40.75487700877037"
"81.0","0.0","0.0","91.0","77.0","49.8","40.91650033910525"
"70.0","1.0","0.0","87.0","79.0","47.4","38.670919306372845"
"80.0","0.0","0.0","93.0","87.0","52.0","42.656769685479"
"78.0","0.0","0.0","86.0","73.0","47.4","38.92351474366106"
"81.0","0.0","0.0","94.0","79.0","50.8","41.796650583509674"
"75.0","0.0","0.0","94.0","78.0","49.4","40.848990195597246"
"73.0","0.0","0.0","91.0","77.0","48.2","39.806532127277805"
"77.0","0.0","0.0","88.0","86.0","50.2","41.15531557405434"
"83.0","0.0","0.0","87.0","80.0","50.0","40.885205148072814"
"78.0","0.0","0.0","79.0","77.0","46.8","38.2172735814579"
"84.0","0.0","0.0","87.0","82.0","50.6","41.34537459015216"
"78.0","1.0","0.0","81.0","79.0","47.8","38.63366407681259"
"79.0","0.0","0.0","84.0","73.0","47.2","38.69573619922485"
"86.0","0.0","0.0","88.0","80.0","50.8","41.56152066515372"
"81.0","0.0","1.0","81.0","85.0","49.6","40.11782646156195"
"82.0","0.0","2.0","91.0","85.0","52.0","41.74685616905781"
"86.0","0.0","1.0","87.0","73.0","49.4","40.232325311868316"
"83.0","1.0","0.0","91.0","63.0","47.6","39.525181846514"
"81.0","0.0","1.0","85.0","82.0","49.8","40.27604747241218"
"78.0","0.0","1.0","87.0","74.0","48.0","39.01281840626232"
"70.0","0.0","1.0","90.0","78.0","47.8","39.14281543272022"
"80.0","0.0","1.0","90.0","64.0","47.0","38.86386496477158"
"83.0","1.0","0.0","91.0","68.0","48.6","39.96298287165261"
"77.0","0.0","3.0","90.0","72.0","48.4","38.753580479744066"
"78.0","1.0","1.0","89.0","74.0","48.6","39.174481489867865"
"66.0","0.0","0.0","92.0","80.0","47.6","39.72706885739244"
"79.0","0.0","1.0","95.0","64.0","47.8","39.846706262876985"
"81.0","0.0","2.0","96.0","73.0","50.4","41.0102426230326"
"84.0","0.0","1.0","89.0","69.0","48.6","39.82260664496989"
"83.0","0.0","0.0","96.0","73.0","50.4","41.792822350255314"
"79.0","0.0","1.0","98.0","82.0","52.0","42.5440947723653"
"87.0","0.0","0.0","92.0","71.0","50.0","41.41014368485094"
"79.0","0.0","1.0","91.0","74.0","49.0","39.984997186444815"
"81.0","0.0","2.0","94.0","66.0","48.6","39.86778147828143"
"78.0","0.0","0.0","88.0","74.0","48.0","39.45630494610462"
"82.0","1.0","0.0","90.0","75.0","49.6","40.37127691812584"
"85.0","0.0","0.0","93.0","60.0","47.6","40.361367667610075"
"60.0","1.0","0.0","90.0","62.0","42.6","35.975547250875834"
"75.0","1.0","0.0","88.0","82.0","49.2","39.97699338369508"
"82.0","2.0","0.0","88.0","83.0","51.0","40.88031311034689"
"70.0","2.0","0.0","86.0","72.0","46.0","37.159117319979494"
"64.0","1.0","0.0","92.0","76.0","46.6","38.676090805560996"
"69.0","0.0","0.0","94.0","76.0","47.8","39.871794542006754"
"86.0","0.0","0.0","92.0","79.0","51.4","42.16918306061905"
"80.0","0.0","0.0","96.0","88.0","52.8","43.40691189200172"
"78.0","0.0","0.0","88.0","73.0","47.8","39.326327059617455"
"82.0","0.0","0.0","88.0","77.0","49.4","40.485058972415985"
"86.0","0.0","0.0","92.0","74.0","50.4","41.557670772072875"
"79.0","0.0","0.0","93.0","67.0","47.8","39.886839934996104"
"87.0","0.0","0.0","91.0","74.0","50.4","41.5336008552112"
"70.0","0.0","0.0","87.0","74.0","46.2","38.13869426186481"
"75.0","0.0","0.0","89.0","71.0","47.0","38.83812559843742"
"68.0","0.0","0.0","88.0","71.0","45.4","37.6913783244922"
"90.0","0.0","0.0","88.0","75.0","50.6","41.63460099484562"
"86.0","0.0","0.0","89.0","57.0","46.4","39.49987341751869"
"83.0","0.0","0.0","85.0","84.0","50.4","41.15628749049166"
"78.0","0.0","0.0","88.0","76.0","48.4","39.72706885739244"
"85.0","0.0","0.0","89.0","79.0","50.6","41.43718137132399"
"78.0","0.0","0.0","86.0","74.0","47.6","39.056881595949264"
"80.0","0.0","0.0","89.0","76.0","49.0","40.22934252507739"
"85.0","0.0","0.0","87.0","67.0","47.8","39.645428488036295"
"73.0","0.0","0.0","81.0","81.0","47.0","38.486361220567474"
"74.0","0.0","0.0","84.0","69.0","45.4","37.38234877585944"
"78.0","0.0","0.0","90.0","63.0","46.2","38.68022750708687"
"86.0","0.0","1.0","85.0","67.0","47.8","39.20918259795784"
"87.0","0.0","0.0","86.0","65.0","47.6","39.6514816873216"
"85.0","0.0","2.0","88.0","83.0","51.6","41.35021160768105"
"86.0","0.0","0.0","91.0","79.0","51.2","41.978089522988064"
"86.0","0.0","0.0","95.0","86.0","53.4","43.72459262245904"
"81.0","0.0","0.0","88.0","74.0","48.6","39.9279350830969"
"84.0","0.0","2.0","90.0","70.0","49.2","39.891853805006356"
"85.0","0.0","0.0","88.0","73.0","49.2","40.4840709415444"
"82.0","0.0","0.0","90.0","69.0","48.2","39.921923801340036"
"82.0","0.0","2.0","93.0","71.0","49.6","40.29193467680598"
"78.0","0.0","0.0","86.0","69.0","46.6","38.42707378919191"
"69.0","0.0","1.0","86.0","73.0","45.8","37.41336659537604"
"87.0","0.0","1.0","85.0","73.0","49.2","40.051966243868726"
"86.0","0.0","0.0","85.0","77.0","49.6","40.618222511577244"
"86.0","0.0","1.0","87.0","77.0","50.2","40.73033267725664"
"85.0","0.0","0.0","85.0","79.0","49.8","40.72051080229716"
"79.0","0.0","2.0","88.0","59.0","45.6","37.611700307218236"
"77.0","0.0","0.0","89.0","84.0","50.0","41.00243895184773"
"78.0","0.0","0.0","86.0","74.0","47.6","39.056881595949264"
"81.0","0.0","0.0","92.0","66.0","47.8","39.891853805006356"
"78.0","0.0","1.0","81.0","81.0","48.2","38.96357273146291"
"79.0","0.0","1.0","91.0","86.0","51.4","41.73535671346299"
"76.0","0.0","0.0","84.0","81.0","48.2","39.4380526902635"
"61.0","0.0","0.0","93.0","75.0","45.8","38.747387008674536"
"74.0","0.0","1.0","93.0","76.0","48.8","39.98699788681316"
"88.0","0.0","0.0","88.0","82.0","51.6","42.18814999499267"
"77.0","0.0","0.0","87.0","73.0","47.4","38.96973184408638"
"87.0","0.0","1.0","85.0","82.0","51.0","41.264997273718556"
"79.0","0.0","0.0","93.0","70.0","48.4","40.192536620621496"
"84.0","0.0","0.0","91.0","82.0","51.4","42.074220135375064"
"81.0","0.0","0.0","86.0","86.0","50.6","41.355048059457026"
"75.0","1.0","0.0","90.0","87.0","50.6","41.21456053386958"
"78.0","0.0","0.0","90.0","78.0","49.2","40.409899777158564"
"72.0","0.0","1.0","93.0","80.0","49.2","40.32567420391134"
"88.0","0.0","1.0","88.0","90.0","53.4","43.199999999999996"
"87.0","0.0","0.0","91.0","91.0","53.8","43.95179177234985"
"70.0","0.0","0.0","90.0","80.0","48.0","39.698866482558415"
"81.0","0.0","0.0","87.0","84.0","50.4","41.195145345052495"
"76.0","0.0","2.0","91.0","73.0","48.4","39.184690888151714"
"60.0","0.0","0.0","90.0","81.0","46.2","38.95843939379502"
"83.0","0.0","0.0","91.0","85.0","51.8","42.37640853116272"
"84.0","1.0","3.0","89.0","75.0","50.4","39.7773805070168"
"89.0","0.0","1.0","97.0","83.0","54.0","43.9089968002003"
"82.0","0.0","1.0","82.0","81.0","49.2","39.76631740556322"
"70.0","0.0","1.0","94.0","90.0","51.0","42.02856171700383"
"82.0","0.0","0.0","90.0","66.0","47.6","39.62625392337762"
"61.0","0.0","0.0","92.0","90.0","48.6","41.1708634837794"
"80.0","0.0","0.0","91.0","78.0","49.8","40.90183369972549"
"90.0","0.0","0.0","88.0","85.0","52.6","42.977203259402536"
"81.0","0.0","0.0","86.0","74.0","48.2","39.53934749082235"
"80.0","0.0","0.0","92.0","88.0","52.0","42.63332030231753"
"88.0","0.0","0.0","85.0","89.0","52.4","42.80467264213102"
"83.0","0.0","0.0","91.0","91.0","53.0","43.37280253799609"
"71.0","0.0","0.0","93.0","85.0","49.8","41.266935917269166"
"71.0","2.0","0.0","92.0","81.0","49.2","39.91691370835175"
"86.0","0.0","0.0","85.0","83.0","50.8","41.48927572276961"
"71.0","0.0","0.0","88.0","85.0","48.8","40.25617964983761"
"85.0","0.0","1.0","92.0","88.0","53.2","43.087817303734475"
"84.0","0.0","0.0","89.0","86.0","51.8","42.32446101251615"
"81.0","0.0","0.0","91.0","80.0","50.4","41.33086014106167"
"71.0","0.0","0.0","92.0","84.0","49.4","40.88814008976197"
"83.0","0.0","0.0","82.0","91.0","51.2","41.92087785340379"
"84.0","0.0","0.0","89.0","86.0","51.8","42.32446101251615"
"62.0","0.0","0.0","83.0","86.0","46.2","38.61813045707935"
"68.0","0.0","0.0","89.0","78.0","47.0","38.94611662284187"
"82.0","2.0","0.0","91.0","86.0","52.2","41.90656273186814"
"79.0","0.0","0.0","91.0","87.0","51.4","42.14546238920627"
"81.0","0.0","0.0","83.0","80.0","48.8","39.856743469581154"
"84.0","0.0","0.0","90.0","76.0","50.0","41.06580085667392"
"77.0","0.0","0.0","83.0","89.0","49.8","40.83821739498432"
"82.0","0.0","0.0","91.0","87.0","52.0","42.553495743593146"
"80.0","0.0","0.0","90.0","85.0","51.0","41.7612260356422"
"83.0","0.0","0.0","83.0","94.0","52.0","42.64739147943283"
"75.0","0.0","0.0","86.0","79.0","48.0","39.34971410315455"
"83.0","1.0","1.0","90.0","84.0","51.8","41.54708172663875"
"72.0","2.0","0.0","89.0","82.0","49.0","39.5676635650881"
"78.0","0.0","0.0","95.0","67.0","48.0","40.194526990623984"
"80.0","0.0","0.0","89.0","74.0","48.6","39.96798718974975"
"75.0","1.0","0.0","93.0","72.0","48.2","39.6050501830259"
"83.0","0.0","0.0","90.0","79.0","50.4","41.30181594070653"
"68.0","1.0","0.0","88.0","83.0","48.0","39.33954753171419"
"68.0","1.0","0.0","93.0","74.0","47.2","39.0148689604361"
"83.0","0.0","0.0","96.0","81.0","52.0","42.76914775863555"
"84.0","0.0","0.0","93.0","79.0","51.2","42.044738077433664"
"74.0","1.0","0.0","94.0","81.0","50.0","40.92432039753378"
"82.0","1.0","0.0","88.0","91.0","52.4","42.476346358885436"
"85.0","1.0","0.0","77.0","84.0","49.4","40.02299339129946"
"75.0","0.0","0.0","93.0","76.0","48.8","40.355420949359456"
"82.0","1.0","0.0","88.0","86.0","51.4","41.60576883077634"
"81.0","1.0","0.0","94.0","92.0","53.6","43.58256532146771"
"76.0","2.0","1.0","90.0","80.0","49.8","39.70088160230198"
"80.0","2.0","0.0","89.0","85.0","51.2","41.09209169657831"
"71.0","1.0","1.0","89.0","75.0","47.4","38.354139281177986"
"74.0","0.0","0.0","82.0","87.0","48.6","39.89786961731164"
"69.0","0.0","0.0","89.0","75.0","46.6","38.59844556455609"
"71.0","0.0","0.0","87.0","71.0","45.8","37.84917436351815"
"64.0","0.0","0.0","92.0","73.0","45.8","38.472847568122646"
"71.0","0.0","2.0","89.0","82.0","48.8","39.45326348985594"
"47.0","1.0","0.0","94.0","72.0","42.8","37.60531877274809"
"84.0","0.0","0.0","92.0","72.0","49.6","40.99560952102066"
"69.0","1.0","2.0","93.0","83.0","49.6","40.00799920015996"
"66.0","2.0","0.0","92.0","79.0","47.8","39.09168709585198"
"67.0","0.0","0.0","90.0","89.0","49.2","41.00439000887588"
"59.0","0.0","0.0","97.0","83.0","47.8","40.87737760669096"
"70.0","1.0","1.0","96.0","75.0","48.6","39.83264992440247"
"66.0","0.0","2.0","86.0","77.0","46.2","37.45076768238537"
"70.0","1.0","3.0","92.0","67.0","46.6","37.43046887229707"
"74.0","0.0","1.0","89.0","71.0","47.0","38.455168703309575"
"71.0","0.0","2.0","91.0","77.0","48.2","39.086570583769564"
"76.0","0.0","1.0","93.0","77.0","49.4","40.38118373698324"
"84.0","0.0","1.0","92.0","78.0","51.0","41.47288270665544"
"85.0","0.0","0.0","91.0","72.0","49.6","40.96144528700129"
"69.0","0.0","0.0","92.0","72.0","46.6","38.861806442830215"
"86.0","0.0","1.0","90.0","69.0","49.2","40.385145784062736"
"84.0","0.0","1.0","88.0","77.0","50.0","40.570925550201586"
"66.0","0.0","0.0","92.0","85.0","48.6","40.58374058659452"
"64.0","0.0","1.0","93.0","83.0","48.2","40.04697241989711"
"64.0","0.0","2.0","95.0","76.0","47.4","39.159162401665334"
"74.0","0.0","1.0","90.0","76.0","48.2","39.33649704790705"
"62.0","0.0","1.0","95.0","67.0","45.0","38.03682426281143"
"76.0","0.0","1.0","89.0","70.0","47.2","38.623309024473805"
"74.0","0.0","0.0","91.0","79.0","48.8","40.226359517112655"
"74.0","0.0","0.0","91.0","68.0","46.6","38.7896893516821"
"75.0","1.0","1.0","86.0","80.0","48.6","39.02101997641784"
"85.0","0.0","1.0","84.0","83.0","50.6","40.91258974936688"
"68.0","1.0","1.0","77.0","72.0","43.8","35.0622303911203"
"84.0","0.0","0.0","89.0","84.0","51.4","42.00761835667431"
"78.0","0.0","1.0","86.0","80.0","49.0","39.68878934913485"
"72.0","0.0","1.0","91.0","80.0","48.8","39.8968670449197"
"88.0","0.0","2.0","91.0","80.0","52.2","41.963793918090865"
"81.0","0.0","1.0","92.0","84.0","51.6","41.878872955226484"
"85.0","0.0","1.0","97.0","77.0","52.0","42.529989419232166"
"92.0","0.0","0.0","86.0","51.0","45.8","39.9319421015307"
"88.0","0.0","1.0","90.0","72.0","50.2","41.058007745140294"
"85.0","0.0","0.0","97.0","76.0","51.6","42.65489420922293"
"89.0","0.0","1.0","94.0","83.0","53.4","43.33405127610388"
"88.0","0.0","1.0","91.0","77.0","51.4","41.821525558018564"
"80.0","1.0","2.0","92.0","80.0","51.0","40.65464303127012"
"88.0","0.0","0.0","95.0","83.0","53.2","43.60458691468135"
"86.0","1.0","0.0","92.0","66.0","49.0","40.52653451752321"
"90.0","0.0","2.0","92.0","82.0","53.2","42.756987733001026"
"87.0","0.0","1.0","97.0","73.0","51.6","42.415091653797"
"92.0","0.0","0.0","93.0","83.0","53.6","43.90261951182412"
"77.0","0.0","1.0","94.0","80.0","50.4","41.14656729303187"
"68.0","1.0","1.0","99.0","76.0","49.0","40.49197451347612"
"92.0","1.0","1.0","91.0","78.0","52.6","42.41980669451477"
"77.0","0.0","2.0","89.0","61.0","45.8","37.64784190362045"
"92.0","0.0","0.0","92.0","93.0","55.4","45.23538437992983"
"90.0","0.0","1.0","96.0","77.0","52.8","43.14348154704253"
"89.0","0.0","1.0","93.0","73.0","51.2","41.93518808828691"
"95.0","2.0","0.0","93.0","88.0","55.6","44.64347656713129"
"92.0","0.0","0.0","94.0","83.0","53.8","44.08355702526737"
"86.0","0.0","0.0","95.0","84.0","53.0","43.43270657004926"
"93.0","0.0","0.0","99.0","80.0","54.4","44.840160570631326"
"86.0","0.0","0.0","94.0","88.0","53.6","43.84335753566326"
"90.0","0.0","3.0","96.0","77.0","53.2","42.668020811844556"
"88.0","0.0","0.0","92.0","72.0","50.4","41.69220550654522"
"83.0","0.0","0.0","86.0","80.0","49.8","40.705773546267366"
"83.0","0.0","0.0","98.0","80.0","52.2","43.05531326096699"
"91.0","0.0","1.0","90.0","84.0","53.2","43.09709967039545"
"84.0","0.0","0.0","89.0","81.0","50.8","41.55670824307431"
"90.0","0.0","0.0","89.0","73.0","50.4","41.591345253550045"
"86.0","0.0","3.0","93.0","84.0","53.2","42.32918614856657"
"85.0","0.0","0.0","94.0","89.0","53.6","43.85704048382654"
"85.0","1.0","0.0","96.0","93.0","55.0","44.64526850630423"
"71.0","0.0","4.0","95.0","82.0","50.4","40.262141026030896"
"83.0","0.0","0.0","96.0","90.0","53.8","44.11983680840173"
"88.0","1.0","1.0","95.0","94.0","55.8","44.80803499373745"
"91.0","0.0","1.0","88.0","92.0","54.4","44.029989779694475"
"89.0","0.0","0.0","95.0","86.0","54.0","44.18597062416984"
"78.0","1.0","0.0","93.0","78.0","50.0","40.78725291068277"
"82.0","0.0","1.0","92.0","81.0","51.2","41.57595458916127"
"88.0","0.0","0.0","91.0","86.0","53.0","43.30357952871795"
"90.0","1.0","0.0","90.0","80.0","52.2","42.37168866118036"
"69.0","1.0","0.0","88.0","89.0","49.4","40.5590926920216"
"64.0","1.0","0.0","94.0","78.0","47.4","39.45427733465663"
"69.0","0.0","0.0","93.0","75.0","47.4","39.4998734175187"
"91.0","0.0","1.0","94.0","76.0","52.4","42.81401639650268"
"79.0","0.0","1.0","93.0","77.0","50.0","40.792156108742276"
"87.0","0.0","3.0","93.0","86.0","53.8","42.780369329869046"
"73.0","0.0","0.0","92.0","84.0","49.8","41.10669045301506"
"83.0","0.0","0.0","86.0","89.0","51.6","42.17392559390221"
"86.0","0.0","0.0","89.0","101.0","55.2","45.34931090986941"
"87.0","0.0","3.0","94.0","85.0","53.8","42.81775332732908"
"85.0","0.0","0.0","96.0","71.0","50.4","41.90751722543344"
"85.0","0.0","0.0","86.0","74.0","49.0","40.22934252507739"
"90.0","0.0","4.0","94.0","81.0","53.8","42.522464651052395"
"85.0","0.0","0.0","87.0","83.0","51.0","41.66053288185354"
"94.0","0.0","2.0","92.0","85.0","54.6","43.87071916438116"
"79.0","1.0","0.0","91.0","83.0","50.8","41.25239386993196"
"93.0","0.0","1.0","89.0","71.0","50.8","41.73439828247198"
"86.0","1.0","2.0","93.0","85.0","53.4","42.46692830897945"
"85.0","1.0","0.0","96.0","86.0","53.6","43.527462595469544"
"74.0","0.0","2.0","88.0","80.0","48.8","39.2856207791095"
"78.0","0.0","2.0","91.0","89.0","52.0","41.88078318274385"
"88.0","0.0","0.0","88.0","87.0","52.6","42.94927240361587"
"75.0","0.0","3.0","90.0","79.0","49.4","39.4289233938742"
"78.0","2.0","1.0","86.0","81.0","49.6","39.35784546948677"
"86.0","0.0","1.0","90.0","87.0","52.8","42.72423200011909"
"88.0","0.0","2.0","88.0","90.0","53.6","42.95858470666835"
"82.0","1.0","1.0","91.0","87.0","52.4","42.06471205178992"
"89.0","0.0","1.0","87.0","84.0","52.2","42.24405283587265"
"81.0","1.0","3.0","90.0","89.0","52.8","41.6"
"80.0","0.0","1.0","89.0","93.0","52.6","42.7485672274522"
"89.0","0.0","1.0","89.0","87.0","53.2","43.03672850020085"
"89.0","0.0","0.0","91.0","75.0","51.0","42.004761634843256"
"77.0","1.0","2.0","92.0","86.0","51.6","41.18543431845779"
"89.0","1.0","0.0","87.0","87.0","52.8","42.71018613867189"
"93.0","0.0","0.0","85.0","91.0","53.8","44.00636317624986"
"86.0","0.0","0.0","91.0","82.0","51.8","42.390564987978166"
"90.0","0.0","1.0","91.0","96.0","55.6","45.035985611508494"
"87.0","0.0","1.0","98.0","84.0","54.0","43.93176527297759"
"85.0","1.0","0.0","90.0","92.0","53.6","43.41704734318077"
"83.0","1.0","2.0","85.0","81.0","50.4","39.94796615598847"
"87.0","1.0","1.0","95.0","79.0","52.6","42.433948673202686"
"77.0","0.0","0.0","97.0","79.0","50.6","41.897971311269956"
"75.0","0.0","3.0","96.0","87.0","52.2","41.939957081523104"
"77.0","0.0","0.0","93.0","79.0","49.8","41.033644732097585"
"84.0","1.0","1.0","95.0","94.0","55.0","44.25833254879809"
"78.0","0.0","1.0","93.0","80.0","50.4","41.0687228922449"
"81.0","0.0","2.0","93.0","83.0","51.8","41.68165063910018"
"76.0","0.0","1.0","98.0","76.0","50.2","41.368587116313265"
"83.0","0.0","0.0","92.0","91.0","53.2","43.54951205237551"
"84.0","0.0","0.0","90.0","85.0","51.8","42.3433583930231"
"75.0","1.0","1.0","90.0","82.0","49.8","40.12679902509045"
"85.0","0.0","0.0","95.0","86.0","53.2","43.577058184324464"
"83.0","1.0","1.0","94.0","89.0","53.6","43.08874563038474"
"83.0","1.0","1.0","96.0","95.0","55.2","44.48999887615193"
"84.0","0.0","3.0","95.0","76.0","51.6","41.359883945678575"
"87.0","0.0","1.0","96.0","86.0","54.0","43.82236871735712"
"88.0","0.0","2.0","95.0","85.0","54.0","43.40046082704652"
"90.0","0.0","0.0","95.0","81.0","53.2","43.66875313081425"
"91.0","0.0","0.0","95.0","79.0","53.0","43.59357750861932"
"92.0","0.0","0.0","90.0","96.0","55.6","45.43830982772137"
"92.0","0.0","0.0","95.0","88.0","55.0","44.96220635155708"
"89.0","0.0","0.0","89.0","86.0","52.8","43.12493478255938"
"86.0","0.0","1.0","88.0","83.0","51.6","41.754520713331154"
"77.0","1.0","2.0","91.0","86.0","51.4","40.99073065950398"
"90.0","1.0","0.0","90.0","85.0","53.2","43.06924656875251"
"88.0","1.0","0.0","92.0","76.0","51.4","41.8931975385026"
"88.0","1.0","3.0","89.0","84.0","53.0","41.679731285122266"
"90.0","0.0","1.0","92.0","87.0","54.0","43.71269838387926"
"86.0","0.0","1.0","96.0","59.0","48.4","40.94191006780216"
"89.0","0.0","0.0","93.0","89.0","54.2","44.27821134598822"
"89.0","0.0","0.0","92.0","81.0","52.4","42.935300161987925"
"82.0","0.0","0.0","95.0","80.0","51.4","42.282857046325525"
"92.0","0.0","0.0","89.0","79.0","52.0","42.67551991481768"
"62.0","0.0","1.0","94.0","67.0","44.8","37.7751240898028"
"71.0","0.0","0.0","98.0","83.0","50.4","42.03141682123029"
"90.0","0.0","1.0","88.0","82.0","52.2","42.29609911091092"
"85.0","0.0","0.0","95.0","94.0","54.8","44.879393935301756"
"84.0","0.0","0.0","92.0","76.0","50.4","41.46130726351981"
"72.0","1.0","0.0","98.0","85.0","51.2","42.206160687747946"
"88.0","2.0","3.0","97.0","88.0","55.6","43.481490314845466"
"76.0","0.0","0.0","94.0","72.0","48.4","40.207461994013"
"78.0","0.0","1.0","88.0","83.0","50.0","40.541336929114706"
